1;https://www.banki.ru/banks/bank/aversbank/
2;https://www.banki.ru/banks/bank/absolutbank/
5;https://www.banki.ru/banks/bank/aversbank/
21;https://www.banki.ru/banks/bank/alefbank/
53;https://www.banki.ru/banks/bank/aleksandrovsky/
65;https://www.banki.ru/banks/bank/altaycapitalbank/
67;https://www.banki.ru/banks/bank/akcept/
77;https://www.banki.ru/banks/bank/avtotorgbank/
85;https://www.banki.ru/banks/bank/dolinsk/
101;https://www.banki.ru/banks/bank/bcs-bank/
106;https://www.banki.ru/banks/bank/baikalinvestbank/
121;https://www.banki.ru/banks/bank/ccb/
170;https://www.banki.ru/banks/bank/nrb/
212;https://www.banki.ru/banks/bank/priovtb/
236;https://www.banki.ru/banks/bank/blanc/
249;https://www.banki.ru/banks/bank/credit-suisse/
254;https://www.banki.ru/banks/bank/novikombank/
256;https://www.banki.ru/banks/bank/guta-bank/
316;https://www.banki.ru/banks/bank/emb/
328;https://www.banki.ru/banks/bank/vbrr/
330;https://www.banki.ru/banks/bank/asia-invest-bank/
354;https://www.banki.ru/banks/bank/gazprombank/
356;https://www.banki.ru/banks/bank/vitabank/
384;https://www.banki.ru/banks/bank/sprp/
415;https://www.banki.ru/banks/bank/aversbank/
429;https://www.banki.ru/banks/bank/ubrr/
435;https://www.banki.ru/banks/bank/sct/
436;https://www.banki.ru/banks/bank/bspb/
438;https://www.banki.ru/banks/bank/bankglobus/
444;https://www.banki.ru/banks/bank/balakovo-bank/
478;https://www.banki.ru/banks/bank/kubantorgbank/
480;https://www.banki.ru/banks/bank/tatsotsbank/
481;https://www.banki.ru/banks/bank/rostfinance/
485;https://www.banki.ru/banks/bank/chelindbank/
492;https://www.banki.ru/banks/bank/donkombank/
493;https://www.banki.ru/banks/bank/chelinvest/
503;https://www.banki.ru/banks/bank/holmsk/
524;https://www.banki.ru/banks/bank/venetsbank/
537;https://www.banki.ru/banks/bank/priobye/
538;https://www.banki.ru/banks/bank/bank131/
554;https://www.banki.ru/banks/bank/solid/
567;https://www.banki.ru/banks/bank/akcept/
574;https://www.banki.ru/banks/bank/bankrmp/
575;https://www.banki.ru/banks/bank/capital/
588;https://www.banki.ru/banks/bank/sngb/
598;https://www.banki.ru/banks/bank/velikie-luki-bank/
600;https://www.banki.ru/banks/bank/ipb/
604;https://www.banki.ru/banks/bank/almabank/
609;https://www.banki.ru/banks/bank/itbank/
646;https://www.banki.ru/banks/bank/izhcombank/
650;https://www.banki.ru/banks/bank/noosfera/
665;https://www.banki.ru/banks/bank/gaztransbank/
685;https://www.banki.ru/banks/bank/rusregionbank/
695;https://www.banki.ru/banks/bank/nalchik/
702;https://www.banki.ru/banks/bank/nico-bank/
705;https://www.banki.ru/banks/bank/delobank/
708;https://www.banki.ru/banks/bank/kazanbank/
760;https://www.banki.ru/banks/bank/belsocbank/
779;https://www.banki.ru/banks/bank/rusbs/
783;https://www.banki.ru/banks/bank/royalcreditbank/
804;https://www.banki.ru/banks/bank/slavyanbank/
817;https://www.banki.ru/banks/bank/zarechye/
841;https://www.banki.ru/banks/bank/stkbank/
842;https://www.banki.ru/banks/bank/ketovsky/
843;https://www.banki.ru/banks/bank/dalnevostochny/
857;https://www.banki.ru/banks/bank/dolinsk/
875;https://www.banki.ru/banks/bank/bankperm/
902;https://www.banki.ru/banks/bank/norvik-bank/
903;https://www.banki.ru/banks/bank/vladbiznesbank/
912;https://www.banki.ru/banks/bank/minbank/
918;https://www.banki.ru/banks/bank/zapsibkombank/
933;https://www.banki.ru/banks/bank/kb-tub/
963;https://www.banki.ru/banks/bank/sovcombank/
965;https://www.banki.ru/banks/bank/pervouralskbank/
990;https://www.banki.ru/banks/bank/baikalcredobank/
1000;https://www.banki.ru/banks/bank/vtb/
1016;https://www.banki.ru/banks/bank/obr/
1046;https://www.banki.ru/banks/bank/gefest-bank/
1049;https://www.banki.ru/banks/bank/hmb/
1052;https://www.banki.ru/banks/bank/mti-bank/
1067;https://www.banki.ru/banks/bank/baikalinvestbank/
1087;https://www.banki.ru/banks/bank/conservativecb/
1114;https://www.banki.ru/banks/bank/bankhimik/
1115;https://www.banki.ru/banks/bank/kostromascb/
1143;https://www.banki.ru/banks/bank/bankffin/
1144;https://www.banki.ru/banks/bank/ankb/
1151;https://www.banki.ru/banks/bank/kaluga/
1158;https://www.banki.ru/banks/bank/kuznetskbb/
1189;https://www.banki.ru/banks/bank/km-bank/
1281;https://www.banki.ru/banks/bank/arzamas/
1288;https://www.banki.ru/banks/bank/stavropolpsb/
1291;https://www.banki.ru/banks/bank/vakobank/
1307;https://www.banki.ru/banks/bank/energotransbank/
1312;https://www.banki.ru/banks/bank/tambovkpb/
1319;https://www.banki.ru/banks/bank/econombank/
1326;https://www.banki.ru/banks/bank/alfabank/
1329;https://www.banki.ru/banks/bank/solid-bank/
1343;https://www.banki.ru/banks/bank/levoberezhny/
1352;https://www.banki.ru/banks/bank/novobank/
1354;https://www.banki.ru/banks/bank/rncb/
1370;https://www.banki.ru/banks/bank/uralfinance/
1376;https://www.banki.ru/banks/bank/snezhinsky/
1399;https://www.banki.ru/banks/bank/elita/
1455;https://www.banki.ru/banks/bank/avtogradbank/
1460;https://www.banki.ru/banks/bank/v-express-bank/
1478;https://www.banki.ru/banks/bank/land-bank/
1481;https://www.banki.ru/banks/bank/sberbank/
1557;https://www.banki.ru/banks/bank/vuzbank/
1573;https://www.banki.ru/banks/bank/rosdorbank/
1581;https://www.banki.ru/banks/bank/timerbank/
1637;https://www.banki.ru/banks/bank/sdm-bank/
1659;https://www.banki.ru/banks/bank/bankorange/
1680;https://www.banki.ru/banks/bank/credit-agricole/
1720;https://www.banki.ru/banks/bank/tomskpsb/
1732;https://www.banki.ru/banks/bank/tatinvestbank/
1745;https://www.banki.ru/banks/bank/bystrobank/
1747;https://www.banki.ru/banks/bank/novokib/
1751;https://www.banki.ru/banks/bank/mosoblbank/
1765;https://www.banki.ru/banks/bank/eatibank/
1781;https://www.banki.ru/banks/bank/euroalliance/
1788;https://www.banki.ru/banks/bank/pochtobank/
1809;https://www.banki.ru/banks/bank/ermak/
1810;https://www.banki.ru/banks/bank/atb/
1818;https://www.banki.ru/banks/bank/don-teksbank/
1829;https://www.banki.ru/banks/bank/inbank/
1885;https://www.banki.ru/banks/bank/forabank/
1896;https://www.banki.ru/banks/bank/vologzhanin/
1920;https://www.banki.ru/banks/bank/lanta-bank/
1927;https://www.banki.ru/banks/bank/modulbank/
1948;https://www.banki.ru/banks/bank/dalenabank/
1949;https://www.banki.ru/banks/bank/nbs/
1966;https://www.banki.ru/banks/bank/nbd-bank/
1973;https://www.banki.ru/banks/bank/autokreditbank/
1978;https://www.banki.ru/banks/bank/mkb/
2015;https://www.banki.ru/banks/bank/sibsocbank/
2034;https://www.banki.ru/banks/bank/service-reserve/
2048;https://www.banki.ru/banks/bank/sarovbb/
2065;https://www.banki.ru/banks/bank/zhivago-bank/
2070;https://www.banki.ru/banks/bank/karaaltynbank/
2085;https://www.banki.ru/banks/bank/taidon/
2103;https://www.banki.ru/banks/bank/mkpb/
2110;https://www.banki.ru/banks/bank/peresvet/
2119;https://www.banki.ru/banks/bank/alefbank/
2152;https://www.banki.ru/banks/bank/sevzapinvestpb/
2168;https://www.banki.ru/banks/bank/bnpparibaseast/
2170;https://www.banki.ru/banks/bank/nrb/
2208;https://www.banki.ru/banks/bank/forshtadt/
2209;https://www.banki.ru/banks/bank/fk_otkritie/
2210;https://www.banki.ru/banks/bank/transcapitalbank/
2216;https://www.banki.ru/banks/bank/intesa/
2225;https://www.banki.ru/banks/bank/centr-invest/
2241;https://www.banki.ru/banks/bank/qiwibank/
2245;https://www.banki.ru/banks/bank/cosmos/
2252;https://www.banki.ru/banks/bank/tender-bank/
2268;https://www.banki.ru/banks/bank/mts-bank/
2272;https://www.banki.ru/banks/bank/rosbank/
2275;https://www.banki.ru/banks/bank/uralsib/
2289;https://www.banki.ru/banks/bank/rsb/
2304;https://www.banki.ru/banks/bank/tavrichesky/
2306;https://www.banki.ru/banks/bank/absolutbank/
2307;https://www.banki.ru/banks/bank/soyuz/
2309;https://www.banki.ru/banks/bank/boc/
2312;https://www.banki.ru/banks/bank/domrfbank/
2368;https://www.banki.ru/banks/bank/blanc/
2374;https://www.banki.ru/banks/bank/ndbank/
2390;https://www.banki.ru/banks/bank/iturup/
2402;https://www.banki.ru/banks/bank/evrofinance/
2407;https://www.banki.ru/banks/bank/mvsbank/
2438;https://www.banki.ru/banks/bank/bankglobus/
2440;https://www.banki.ru/banks/bank/metallinvestbank/
2443;https://www.banki.ru/banks/bank/metcom/
2490;https://www.banki.ru/banks/bank/genbank/
2494;https://www.banki.ru/banks/bank/credit-suisse/
2495;https://www.banki.ru/banks/bank/ingbank/
2499;https://www.banki.ru/banks/bank/krona-bank/
2506;https://www.banki.ru/banks/bank/roundbank/
2507;https://www.banki.ru/banks/bank/thbank/
2518;https://www.banki.ru/banks/bank/kubankredit/
2530;https://www.banki.ru/banks/bank/exi-bank/
2534;https://www.banki.ru/banks/bank/poidem/
2546;https://www.banki.ru/banks/bank/novikombank/
2551;https://www.banki.ru/banks/bank/pscb/
2557;https://www.banki.ru/banks/bank/citibank/
2559;https://www.banki.ru/banks/bank/ziraatbank/
2564;https://www.banki.ru/banks/bank/yarinterbank/
2568;https://www.banki.ru/banks/bank/kurgan/
2574;https://www.banki.ru/banks/bank/bankrmp/
2576;https://www.banki.ru/banks/bank/garant-invest/
2584;https://www.banki.ru/banks/bank/credituralbank/
2587;https://www.banki.ru/banks/bank/akibank/
2590;https://www.banki.ru/banks/bank/akbars/
2602;https://www.banki.ru/banks/bank/almazergienbank/
2607;https://www.banki.ru/banks/bank/crosna-bank/
2609;https://www.banki.ru/banks/bank/itbank/
2611;https://www.banki.ru/banks/bank/okbank/
2618;https://www.banki.ru/banks/bank/mfk-bank/
2629;https://www.banki.ru/banks/bank/jpmorgan/
2638;https://www.banki.ru/banks/bank/promtransbank/
2645;https://www.banki.ru/banks/bank/eniseisk-united-bank/
2650;https://www.banki.ru/banks/bank/noosfera/
2659;https://www.banki.ru/banks/bank/altaycapitalbank/
2664;https://www.banki.ru/banks/bank/slaviabank/
2673;https://www.banki.ru/banks/bank/tcs/
2682;https://www.banki.ru/banks/bank/crocus-bank/
2684;https://www.banki.ru/banks/bank/cfb/
2707;https://www.banki.ru/banks/bank/locko-bank/
2721;https://www.banki.ru/banks/bank/sevnb/
2722;https://www.banki.ru/banks/bank/mscb/
2726;https://www.banki.ru/banks/bank/westernunion/
2733;https://www.banki.ru/banks/bank/primsotsbank/
2738;https://www.banki.ru/banks/bank/derzhava/
2748;https://www.banki.ru/banks/bank/bmbank/
2755;https://www.banki.ru/banks/bank/nkbank/
2761;https://www.banki.ru/banks/bank/psib/
2763;https://www.banki.ru/banks/bank/investtorgbank/
2766;https://www.banki.ru/banks/bank/otpbank/
2772;https://www.banki.ru/banks/bank/yug-investbank/
2776;https://www.banki.ru/banks/bank/avtotorgbank/
2789;https://www.banki.ru/banks/bank/capital-moscow/
2790;https://www.banki.ru/banks/bank/roseximbank/
2796;https://www.banki.ru/banks/bank/vyatich/
2799;https://www.banki.ru/banks/bank/finambank/
2802;https://www.banki.ru/banks/bank/yoshkar-ola/
2807;https://www.banki.ru/banks/bank/transstroybank/
2816;https://www.banki.ru/banks/bank/severgazbank/
2830;https://www.banki.ru/banks/bank/sokolovsky/
2838;https://www.banki.ru/banks/bank/sinko-bank/
2846;https://www.banki.ru/banks/bank/sistema/
2853;https://www.banki.ru/banks/bank/capitalkredit/
2860;https://www.banki.ru/banks/bank/agroros/
2867;https://www.banki.ru/banks/bank/isbank/
2868;https://www.banki.ru/banks/bank/khbank/
2876;https://www.banki.ru/banks/bank/nib/
2877;https://www.banki.ru/banks/bank/metallurg/
2879;https://www.banki.ru/banks/bank/avangard/
2880;https://www.banki.ru/banks/bank/agropromcredit/
2881;https://www.banki.ru/banks/bank/socium-bank/
2883;https://www.banki.ru/banks/bank/bstbank/
2884;https://www.banki.ru/banks/bank/sinergy/
2900;https://www.banki.ru/banks/bank/zemsky/
2905;https://www.banki.ru/banks/bank/kremlevsky/
2914;https://www.banki.ru/banks/bank/aresbank/
2929;https://www.banki.ru/banks/bank/bbrbank/
2932;https://www.banki.ru/banks/bank/nmbank/
2964;https://www.banki.ru/banks/bank/uralprombank/
2982;https://www.banki.ru/banks/bank/gorbank/
2990;https://www.banki.ru/banks/bank/baikalcredobank/
2995;https://www.banki.ru/banks/bank/stroylesbank/
2996;https://www.banki.ru/banks/bank/procommercebank/
2997;https://www.banki.ru/banks/bank/coalmetbank/
2998;https://www.banki.ru/banks/bank/expobank/
3001;https://www.banki.ru/banks/bank/primorye/
3013;https://www.banki.ru/banks/bank/dcbank/
3017;https://www.banki.ru/banks/bank/rcalliance/
3027;https://www.banki.ru/banks/bank/acropol/
3061;https://www.banki.ru/banks/bank/jtbank/
3073;https://www.banki.ru/banks/bank/rgsbank/
3077;https://www.banki.ru/banks/bank/nipbank/
3095;https://www.banki.ru/banks/bank/renta-bank/
3099;https://www.banki.ru/banks/bank/rusfincorp/
3116;https://www.banki.ru/banks/bank/eco-invest/
3124;https://www.banki.ru/banks/bank/nsbank/
3136;https://www.banki.ru/banks/bank/taganrogbank/
3138;https://www.banki.ru/banks/bank/bgfbank/
3161;https://www.banki.ru/banks/bank/emb/
3166;https://www.banki.ru/banks/bank/plat-centr/
3172;https://www.banki.ru/banks/bank/moscombank/
3173;https://www.banki.ru/banks/bank/vneshfinbank/
3175;https://www.banki.ru/banks/bank/isb/
3176;https://www.banki.ru/banks/bank/baltinvestbank/
3184;https://www.banki.ru/banks/bank/continental/
3185;https://www.banki.ru/banks/bank/sbibank/
3194;https://www.banki.ru/banks/bank/cibank/
3202;https://www.banki.ru/banks/bank/nokssbank/
3223;https://www.banki.ru/banks/bank/gazneftbank/
3224;https://www.banki.ru/banks/bank/westlb/
3231;https://www.banki.ru/banks/bank/reb/
3235;https://www.banki.ru/banks/bank/sebbank/
3242;https://www.banki.ru/banks/bank/interbankcu/
3245;https://www.banki.ru/banks/bank/siab/
3247;https://www.banki.ru/banks/bank/moscow-city/
3251;https://www.banki.ru/banks/bank/promsvyazbank/
3252;https://www.banki.ru/banks/bank/gazenergobank/
3255;https://www.banki.ru/banks/bank/zenit/
3257;https://www.banki.ru/banks/bank/russita-bank/
3269;https://www.banki.ru/banks/bank/orenburg/
3271;https://www.banki.ru/banks/bank/dtb/
3279;https://www.banki.ru/banks/bank/trust/
3287;https://www.banki.ru/banks/bank/vbrr/
3290;https://www.banki.ru/banks/bank/hsbc/
3292;https://www.banki.ru/banks/bank/raiffeisen/
3293;https://www.banki.ru/banks/bank/rusuniversalbank/
3294;https://www.banki.ru/banks/bank/nsd/
3296;https://www.banki.ru/banks/bank/nashdom/
3298;https://www.banki.ru/banks/bank/ceb/
3300;https://www.banki.ru/banks/bank/koshelev_bank/
3303;https://www.banki.ru/banks/bank/asia-invest-bank/
3306;https://www.banki.ru/banks/bank/spsc/
3311;https://www.banki.ru/banks/bank/crediteuropebank/
3314;https://www.banki.ru/banks/bank/mcc/
3318;https://www.banki.ru/banks/bank/bit/
3324;https://www.banki.ru/banks/bank/rp_svmb/
3328;https://www.banki.ru/banks/bank/deutsche-bank/
3330;https://www.banki.ru/banks/bank/denizbank_moscow/
3333;https://www.banki.ru/banks/bank/commerzbank/
3337;https://www.banki.ru/banks/bank/mizuhocbk/
3340;https://www.banki.ru/banks/bank/mspbank/
3341;https://www.banki.ru/banks/bank/mtc/
3349;https://www.banki.ru/banks/bank/rshb/
3354;https://www.banki.ru/banks/bank/rencredit/
3365;https://www.banki.ru/banks/bank/moskommertsbank/
3368;https://www.banki.ru/banks/bank/smpbank/
3379;https://www.banki.ru/banks/bank/maxima/
3388;https://www.banki.ru/banks/bank/finservice/
3390;https://www.banki.ru/banks/bank/natixis/
3395;https://www.banki.ru/banks/bank/ibamoscow/
3396;https://www.banki.ru/banks/bank/mbb/
3403;https://www.banki.ru/banks/bank/rusnarbank/
3407;https://www.banki.ru/banks/bank/bnpparibasbank/
3413;https://www.banki.ru/banks/bank/rba-bank/
3415;https://www.banki.ru/banks/bank/bankrsi/
3416;https://www.banki.ru/banks/bank/unifondbank/
3417;https://www.banki.ru/banks/bank/newbank/
3421;https://www.banki.ru/banks/bank/ns-bank/
3436;https://www.banki.ru/banks/bank/1cb/
3437;https://www.banki.ru/banks/bank/nfc/
3446;https://www.banki.ru/banks/bank/cbi/
3450;https://www.banki.ru/banks/bank/resocredit/
3452;https://www.banki.ru/banks/bank/alternativa/
3454;https://www.banki.ru/banks/bank/inkakhran/
3460;https://www.banki.ru/banks/bank/amexbank/
3463;https://www.banki.ru/banks/bank/ubs-bank/
3465;https://www.banki.ru/banks/bank/botm/
3466;https://www.banki.ru/banks/bank/ncc/
3467;https://www.banki.ru/banks/bank/unistream/
3468;https://www.banki.ru/banks/bank/sbionline/
3470;https://www.banki.ru/banks/bank/toyota-bank/
3473;https://www.banki.ru/banks/bank/mercedes-benz-bank/
3475;https://www.banki.ru/banks/bank/icbc/
3479;https://www.banki.ru/banks/bank/woori/
3482;https://www.banki.ru/banks/bank/bmwbank/
3490;https://www.banki.ru/banks/bank/goldman-sachs-bank/
3494;https://www.banki.ru/banks/bank/smbc/
3500;https://www.banki.ru/banks/bank/vwbank/
3505;https://www.banki.ru/banks/bank/bereit/
3507;https://www.banki.ru/banks/bank/sevstroybank/
3508;https://www.banki.ru/banks/bank/monetaru/
3510;https://www.banki.ru/banks/bank/yoobusiness/
3511;https://www.banki.ru/banks/bank/money_mail_ru/
3512;https://www.banki.ru/banks/bank/edinayakassa/
3514;https://www.banki.ru/banks/bank/premium/
3515;https://www.banki.ru/banks/bank/chinaconstruction/
3516;https://www.banki.ru/banks/bank/ozonbank/
3517;https://www.banki.ru/banks/bank/paypalru/
3518;https://www.banki.ru/banks/bank/peyyou/
3519;https://www.banki.ru/banks/bank/ikanobank/
3520;https://www.banki.ru/banks/bank/ineko/
3522;https://www.banki.ru/banks/bank/mobilnayakarta/
3523;https://www.banki.ru/banks/bank/mobi/
3524;https://www.banki.ru/banks/bank/uek/
3525;https://www.banki.ru/banks/bank/kebrus/
3527;https://www.banki.ru/banks/bank/chbrr/
3528;https://www.banki.ru/banks/bank/morskoybank/
3529;https://www.banki.ru/banks/bank/chinaselhozbank/
3531;https://www.banki.ru/banks/bank/cmrbank/
3532;https://www.banki.ru/banks/bank/perspektiva/
3533;https://www.banki.ru/banks/bank/globalexchange/
3535;https://www.banki.ru/banks/bank/elplat/
3536;https://www.banki.ru/banks/bank/rinkas/
3538;https://www.banki.ru/banks/bank/bank131/