18;https://www.banki.ru/banks/memory/bank/?id=6341931
23;https://www.banki.ru/banks/memory/bank/?id=10890900
52;https://www.banki.ru/banks/memory/bank/?id=11579675
55;https://www.banki.ru/banks/memory/bank/?id=10035851
84;https://www.banki.ru/banks/memory/bank/?id=4088042
96;https://www.banki.ru/banks/memory/bank/?id=10954456
98;https://www.banki.ru/banks/memory/bank/?id=1560998
99;https://www.banki.ru/banks/memory/bank/?id=1326418
103;https://www.banki.ru/banks/memory/bank/?id=10256723
107;https://www.banki.ru/banks/memory/bank/?id=5980157
128;https://www.banki.ru/banks/memory/bank/?id=10941131
138;https://www.banki.ru/banks/memory/bank/?id=9016393
142;https://www.banki.ru/banks/memory/bank/?id=8248355
149;https://www.banki.ru/banks/memory/bank/?id=9928319
153;https://www.banki.ru/banks/memory/bank/?id=10099516
155;https://www.banki.ru/banks/memory/bank/?id=5764283
184;https://www.banki.ru/banks/memory/bank/?id=7043416
197;https://www.banki.ru/banks/memory/bank/?id=10729628
199;https://www.banki.ru/banks/memory/bank/?id=1524749
208;https://www.banki.ru/banks/memory/bank/?id=9711543
210;https://www.banki.ru/banks/memory/bank/?id=9369192
226;https://www.banki.ru/banks/memory/bank/?id=9228748
232;https://www.banki.ru/banks/memory/bank/?id=11261443
233;https://www.banki.ru/banks/memory/bank/?id=2881879
272;https://www.banki.ru/banks/memory/bank/?id=11571315
282;https://www.banki.ru/banks/memory/bank/?id=5763994
286;https://www.banki.ru/banks/memory/bank/?id=6982108
307;https://www.banki.ru/banks/memory/bank/?id=1648877
312;https://www.banki.ru/banks/memory/bank/?id=11114549
323;https://www.banki.ru/banks/memory/bank/?id=10813506
324;https://www.banki.ru/banks/memory/bank/?id=8185558
346;https://www.banki.ru/banks/memory/bank/?id=948271
347;https://www.banki.ru/banks/memory/bank/?id=6934422
370;https://www.banki.ru/banks/memory/bank/?id=10133257
383;https://www.banki.ru/banks/memory/bank/?id=2479702
385;https://www.banki.ru/banks/memory/bank/?id=8033680
391;https://www.banki.ru/banks/memory/bank/?id=5472632
404;https://www.banki.ru/banks/memory/bank/?id=4659805
410;https://www.banki.ru/banks/memory/bank/?id=5157062
414;https://www.banki.ru/banks/memory/bank/?id=1666541
419;https://www.banki.ru/banks/memory/bank/?id=2541869
430;https://www.banki.ru/banks/memory/bank/?id=9439939
439;https://www.banki.ru/banks/memory/bank/?id=2810906
456;https://www.banki.ru/banks/memory/bank/?id=9917645
457;https://www.banki.ru/banks/memory/bank/?id=1959094
459;https://www.banki.ru/banks/memory/bank/?id=3175343
466;https://www.banki.ru/banks/memory/bank/?id=8461992
467;https://www.banki.ru/banks/memory/bank/?id=10145800
469;https://www.banki.ru/banks/memory/bank/?id=10505397
474;https://www.banki.ru/banks/memory/bank/?id=9534528
507;https://www.banki.ru/banks/memory/bank/?id=9136689
514;https://www.banki.ru/banks/memory/bank/?id=3487299
518;https://www.banki.ru/banks/memory/bank/?id=10758068
520;https://www.banki.ru/banks/memory/bank/?id=11416384
531;https://www.banki.ru/banks/memory/bank/?id=3552097
532;https://www.banki.ru/banks/memory/bank/?id=4012941
533;https://www.banki.ru/banks/memory/bank/?id=10688380
539;https://www.banki.ru/banks/memory/bank/?id=5157033
543;https://www.banki.ru/banks/memory/bank/?id=6289917
545;https://www.banki.ru/banks/memory/bank/?id=10839967
546;https://www.banki.ru/banks/memory/bank/?id=5689378
548;https://www.banki.ru/banks/memory/bank/?id=8790178
558;https://www.banki.ru/banks/memory/bank/?id=10546490
568;https://www.banki.ru/banks/memory/bank/?id=10774684
570;https://www.banki.ru/banks/memory/bank/?id=5201871
589;https://www.banki.ru/banks/memory/bank/?id=3630554
594;https://www.banki.ru/banks/memory/bank/?id=6866080
596;https://www.banki.ru/banks/memory/bank/?id=10482505
606;https://www.banki.ru/banks/memory/bank/?id=8111650
608;https://www.banki.ru/banks/memory/bank/?id=10917994
622;https://www.banki.ru/banks/memory/bank/?id=7621436
625;https://www.banki.ru/banks/memory/bank/?id=7376884
634;https://www.banki.ru/banks/memory/bank/?id=3744500
635;https://www.banki.ru/banks/memory/bank/?id=10256718
637;https://www.banki.ru/banks/memory/bank/?id=8076065
639;https://www.banki.ru/banks/memory/bank/?id=6475626
652;https://www.banki.ru/banks/memory/bank/?id=1460107
653;https://www.banki.ru/banks/memory/bank/?id=7312175
654;https://www.banki.ru/banks/memory/bank/?id=10518993
655;https://www.banki.ru/banks/memory/bank/?id=7948881
658;https://www.banki.ru/banks/memory/bank/?id=1348087
667;https://www.banki.ru/banks/memory/bank/?id=830734
671;https://www.banki.ru/banks/memory/bank/?id=6866243
680;https://www.banki.ru/banks/memory/bank/?id=10656277
684;https://www.banki.ru/banks/memory/bank/?id=7725385
696;https://www.banki.ru/banks/memory/bank/?id=10468574
701;https://www.banki.ru/banks/memory/bank/?id=1959649
704;https://www.banki.ru/banks/memory/bank/?id=11142932
709;https://www.banki.ru/banks/memory/bank/?id=7244344
715;https://www.banki.ru/banks/memory/bank/?id=5914733
720;https://www.banki.ru/banks/memory/bank/?id=9209417
728;https://www.banki.ru/banks/memory/bank/?id=9655912
729;https://www.banki.ru/banks/memory/bank/?id=2292095
732;https://www.banki.ru/banks/memory/bank/?id=11001297
735;https://www.banki.ru/banks/memory/bank/?id=11210063
749;https://www.banki.ru/banks/memory/bank/?id=4618166
752;https://www.banki.ru/banks/memory/bank/?id=10993624
766;https://www.banki.ru/banks/memory/bank/?id=9548566
776;https://www.banki.ru/banks/memory/bank/?id=830715
777;https://www.banki.ru/banks/memory/bank/?id=9372236
784;https://www.banki.ru/banks/memory/bank/?id=11550750
790;https://www.banki.ru/banks/memory/bank/?id=8168759
793;https://www.banki.ru/banks/memory/bank/?id=9107482
803;https://www.banki.ru/banks/memory/bank/?id=1939191
812;https://www.banki.ru/banks/memory/bank/?id=10722599
825;https://www.banki.ru/banks/memory/bank/?id=8292794
826;https://www.banki.ru/banks/memory/bank/?id=9496166
828;https://www.banki.ru/banks/memory/bank/?id=2607043
836;https://www.banki.ru/banks/memory/bank/?id=9228755
840;https://www.banki.ru/banks/memory/bank/?id=9496187
854;https://www.banki.ru/banks/memory/bank/?id=8146847
860;https://www.banki.ru/banks/memory/bank/?id=10164801
865;https://www.banki.ru/banks/memory/bank/?id=6253881
870;https://www.banki.ru/banks/memory/bank/?id=9711563
874;https://www.banki.ru/banks/memory/bank/?id=11401288
880;https://www.banki.ru/banks/memory/bank/?id=9907199
888;https://www.banki.ru/banks/memory/bank/?id=1726509
889;https://www.banki.ru/banks/memory/bank/?id=9576536
899;https://www.banki.ru/banks/memory/bank/?id=1321315
901;https://www.banki.ru/banks/memory/bank/?id=9641070
914;https://www.banki.ru/banks/memory/bank/?id=5636041
917;https://www.banki.ru/banks/memory/bank/?id=7468582
922;https://www.banki.ru/banks/memory/bank/?id=2446396
926;https://www.banki.ru/banks/memory/bank/?id=1959487
927;https://www.banki.ru/banks/memory/bank/?id=8735579
930;https://www.banki.ru/banks/memory/bank/?id=10596139
931;https://www.banki.ru/banks/memory/bank/?id=11155116
937;https://www.banki.ru/banks/memory/bank/?id=11665102
948;https://www.banki.ru/banks/memory/bank/?id=8185535
967;https://www.banki.ru/banks/memory/bank/?id=8464274
969;https://www.banki.ru/banks/memory/bank/?id=11597273
970;https://www.banki.ru/banks/memory/bank/?id=10390418
991;https://www.banki.ru/banks/memory/bank/?id=6475610
992;https://www.banki.ru/banks/memory/bank/?id=9439950
1002;https://www.banki.ru/banks/memory/bank/?id=8007368
1003;https://www.banki.ru/banks/memory/bank/?id=8373023
1006;https://www.banki.ru/banks/memory/bank/?id=9722577
1019;https://www.banki.ru/banks/memory/bank/?id=3775035
1025;https://www.banki.ru/banks/memory/bank/?id=8895909
1027;https://www.banki.ru/banks/memory/bank/?id=11476777
1035;https://www.banki.ru/banks/memory/bank/?id=7244371
1037;https://www.banki.ru/banks/memory/bank/?id=8839517
1043;https://www.banki.ru/banks/memory/bank/?id=7881141
1050;https://www.banki.ru/banks/memory/bank/?id=11109769
1053;https://www.banki.ru/banks/memory/bank/?id=8990083
1059;https://www.banki.ru/banks/memory/bank/?id=8433263
1060;https://www.banki.ru/banks/memory/bank/?id=8257492
1065;https://www.banki.ru/banks/memory/bank/?id=2479721
1068;https://www.banki.ru/banks/memory/bank/?id=11123337
1071;https://www.banki.ru/banks/memory/bank/?id=11678021
1073;https://www.banki.ru/banks/memory/bank/?id=8433223
1076;https://www.banki.ru/banks/memory/bank/?id=1945040
1084;https://www.banki.ru/banks/memory/bank/?id=8940803
1088;https://www.banki.ru/banks/memory/bank/?id=8094645
1093;https://www.banki.ru/banks/memory/bank/?id=10378690
1105;https://www.banki.ru/banks/memory/bank/?id=10331412
1118;https://www.banki.ru/banks/memory/bank/?id=10482494
1121;https://www.banki.ru/banks/memory/bank/?id=8285007
1132;https://www.banki.ru/banks/memory/bank/?id=10941884
1134;https://www.banki.ru/banks/memory/bank/?id=7602351
1136;https://www.banki.ru/banks/memory/bank/?id=11532452
1137;https://www.banki.ru/banks/memory/bank/?id=10495188
1139;https://www.banki.ru/banks/memory/bank/?id=9153945
1153;https://www.banki.ru/banks/memory/bank/?id=7529887
1165;https://www.banki.ru/banks/memory/bank/?id=11104900
1166;https://www.banki.ru/banks/memory/bank/?id=10839973
1184;https://www.banki.ru/banks/memory/bank/?id=11040030
1194;https://www.banki.ru/banks/memory/bank/?id=1945223
1197;https://www.banki.ru/banks/memory/bank/?id=11098899
1202;https://www.banki.ru/banks/memory/bank/?id=3348623
1203;https://www.banki.ru/banks/memory/bank/?id=2925409
1214;https://www.banki.ru/banks/memory/bank/?id=1690311
1222;https://www.banki.ru/banks/memory/bank/?id=7621410
1239;https://www.banki.ru/banks/memory/bank/?id=8212403
1242;https://www.banki.ru/banks/memory/bank/?id=11101628
1244;https://www.banki.ru/banks/memory/bank/?id=7117279
1249;https://www.banki.ru/banks/memory/bank/?id=10551793
1250;https://www.banki.ru/banks/memory/bank/?id=7426111
1276;https://www.banki.ru/banks/memory/bank/?id=9387441
1277;https://www.banki.ru/banks/memory/bank/?id=8803135
1280;https://www.banki.ru/banks/memory/bank/?id=11091710
1282;https://www.banki.ru/banks/memory/bank/?id=7426470
1284;https://www.banki.ru/banks/memory/bank/?id=10263215
1293;https://www.banki.ru/banks/memory/bank/?id=11545569
1300;https://www.banki.ru/banks/memory/bank/?id=3348206
1303;https://www.banki.ru/banks/memory/bank/?id=2285876
1309;https://www.banki.ru/banks/memory/bank/?id=11337111
1317;https://www.banki.ru/banks/memory/bank/?id=11422368
1338;https://www.banki.ru/banks/memory/bank/?id=1666506
1339;https://www.banki.ru/banks/memory/bank/?id=1666566
1340;https://www.banki.ru/banks/memory/bank/?id=2706569
1342;https://www.banki.ru/banks/memory/bank/?id=2886274
1378;https://www.banki.ru/banks/memory/bank/?id=7908581
1398;https://www.banki.ru/banks/memory/bank/?id=10884175
1405;https://www.banki.ru/banks/memory/bank/?id=11415710
1407;https://www.banki.ru/banks/memory/bank/?id=3405249
1411;https://www.banki.ru/banks/memory/bank/?id=11223412
1414;https://www.banki.ru/banks/memory/bank/?id=9425083
1415;https://www.banki.ru/banks/memory/bank/?id=7729920
1422;https://www.banki.ru/banks/memory/bank/?id=910147
1428;https://www.banki.ru/banks/memory/bank/?id=846921
1439;https://www.banki.ru/banks/memory/bank/?id=11584121
1441;https://www.banki.ru/banks/memory/bank/?id=10746495
1459;https://www.banki.ru/banks/memory/bank/?id=10736962
1470;https://www.banki.ru/banks/memory/bank/?id=11254283
1521;https://www.banki.ru/banks/memory/bank/?id=9697702
1555;https://www.banki.ru/banks/memory/bank/?id=10169907
1574;https://www.banki.ru/banks/memory/bank/?id=9001527
1586;https://www.banki.ru/banks/memory/bank/?id=9199075
1598;https://www.banki.ru/banks/memory/bank/?id=8346917
1608;https://www.banki.ru/banks/memory/bank/?id=5398739
1614;https://www.banki.ru/banks/memory/bank/?id=11571319
1616;https://www.banki.ru/banks/memory/bank/?id=7583962
1617;https://www.banki.ru/banks/memory/bank/?id=7219444
1618;https://www.banki.ru/banks/memory/bank/?id=8841954
1623;https://www.banki.ru/banks/memory/bank/?id=10207861
1626;https://www.banki.ru/banks/memory/bank/?id=5876247
1627;https://www.banki.ru/banks/memory/bank/?id=3399489
1635;https://www.banki.ru/banks/memory/bank/?id=10576671
1639;https://www.banki.ru/banks/memory/bank/?id=9376480
1640;https://www.banki.ru/banks/memory/bank/?id=6736500
1657;https://www.banki.ru/banks/memory/bank/?id=8667735
1661;https://www.banki.ru/banks/memory/bank/?id=10746485
1663;https://www.banki.ru/banks/memory/bank/?id=9859414
1667;https://www.banki.ru/banks/memory/bank/?id=1958622
1671;https://www.banki.ru/banks/memory/bank/?id=11140729
1673;https://www.banki.ru/banks/memory/bank/?id=11401279
1675;https://www.banki.ru/banks/memory/bank/?id=6676984
1676;https://www.banki.ru/banks/memory/bank/?id=2286824
1677;https://www.banki.ru/banks/memory/bank/?id=5980242
1679;https://www.banki.ru/banks/memory/bank/?id=8394686
1684;https://www.banki.ru/banks/memory/bank/?id=7376811
1697;https://www.banki.ru/banks/memory/bank/?id=8850832
1701;https://www.banki.ru/banks/memory/bank/?id=9015807
1704;https://www.banki.ru/banks/memory/bank/?id=10958531
1705;https://www.banki.ru/banks/memory/bank/?id=2290924
1717;https://www.banki.ru/banks/memory/bank/?id=10993613
1724;https://www.banki.ru/banks/memory/bank/?id=9766179
1730;https://www.banki.ru/banks/memory/bank/?id=6538438
1731;https://www.banki.ru/banks/memory/bank/?id=866889
1734;https://www.banki.ru/banks/memory/bank/?id=7932479
1736;https://www.banki.ru/banks/memory/bank/?id=10996547
1738;https://www.banki.ru/banks/memory/bank/?id=8446784
1743;https://www.banki.ru/banks/memory/bank/?id=6376868
1752;https://www.banki.ru/banks/memory/bank/?id=11637117
1763;https://www.banki.ru/banks/memory/bank/?id=10911055
1764;https://www.banki.ru/banks/memory/bank/?id=2024747
1776;https://www.banki.ru/banks/memory/bank/?id=8078305
1777;https://www.banki.ru/banks/memory/bank/?id=8394671
1792;https://www.banki.ru/banks/memory/bank/?id=11509858
1794;https://www.banki.ru/banks/memory/bank/?id=5156498
1812;https://www.banki.ru/banks/memory/bank/?id=3979437
1816;https://www.banki.ru/banks/memory/bank/?id=5194929
1827;https://www.banki.ru/banks/memory/bank/?id=2893302
1835;https://www.banki.ru/banks/memory/bank/?id=8146863
1851;https://www.banki.ru/banks/memory/bank/?id=3222357
1857;https://www.banki.ru/banks/memory/bank/?id=1762850
1860;https://www.banki.ru/banks/memory/bank/?id=5201899
1868;https://www.banki.ru/banks/memory/bank/?id=9080545
1869;https://www.banki.ru/banks/memory/bank/?id=9048386
1902;https://www.banki.ru/banks/memory/bank/?id=11571313
1904;https://www.banki.ru/banks/memory/bank/?id=1610438
1909;https://www.banki.ru/banks/memory/bank/?id=6253845
1910;https://www.banki.ru/banks/memory/bank/?id=6290033
1911;https://www.banki.ru/banks/memory/bank/?id=6493892
1917;https://www.banki.ru/banks/memory/bank/?id=9483841
1926;https://www.banki.ru/banks/memory/bank/?id=11344441
1928;https://www.banki.ru/banks/memory/bank/?id=9162890
1939;https://www.banki.ru/banks/memory/bank/?id=8512897
1942;https://www.banki.ru/banks/memory/bank/?id=10766414
1943;https://www.banki.ru/banks/memory/bank/?id=7312073
1946;https://www.banki.ru/banks/memory/bank/?id=8418399
1950;https://www.banki.ru/banks/memory/bank/?id=7417626
1951;https://www.banki.ru/banks/memory/bank/?id=7881122
1955;https://www.banki.ru/banks/memory/bank/?id=3914904
1956;https://www.banki.ru/banks/memory/bank/?id=8055610
1957;https://www.banki.ru/banks/memory/bank/?id=9015823
1961;https://www.banki.ru/banks/memory/bank/?id=8464301
1967;https://www.banki.ru/banks/memory/bank/?id=6290014
1968;https://www.banki.ru/banks/memory/bank/?id=10758062
1971;https://www.banki.ru/banks/memory/bank/?id=9177700
1972;https://www.banki.ru/banks/memory/bank/?id=11101638
1975;https://www.banki.ru/banks/memory/bank/?id=9271808
1982;https://www.banki.ru/banks/memory/bank/?id=10676841
1987;https://www.banki.ru/banks/memory/bank/?id=8655121
1988;https://www.banki.ru/banks/memory/bank/?id=8111697
1991;https://www.banki.ru/banks/memory/bank/?id=7181165
2003;https://www.banki.ru/banks/memory/bank/?id=1666531
2011;https://www.banki.ru/banks/memory/bank/?id=7009308
2023;https://www.banki.ru/banks/memory/bank/?id=6253992
2027;https://www.banki.ru/banks/memory/bank/?id=11532448
2029;https://www.banki.ru/banks/memory/bank/?id=5980103
2035;https://www.banki.ru/banks/memory/bank/?id=9425137
2037;https://www.banki.ru/banks/memory/bank/?id=6649815
2050;https://www.banki.ru/banks/memory/bank/?id=8055583
2051;https://www.banki.ru/banks/memory/bank/?id=2354470
2053;https://www.banki.ru/banks/memory/bank/?id=11259272
2055;https://www.banki.ru/banks/memory/bank/?id=9766166
2056;https://www.banki.ru/banks/memory/bank/?id=2307141
2063;https://www.banki.ru/banks/memory/bank/?id=11517276
2071;https://www.banki.ru/banks/memory/bank/?id=7988387
2073;https://www.banki.ru/banks/memory/bank/?id=8884705
2074;https://www.banki.ru/banks/memory/bank/?id=8346926
2083;https://www.banki.ru/banks/memory/bank/?id=3018503
2090;https://www.banki.ru/banks/memory/bank/?id=4293458
2093;https://www.banki.ru/banks/memory/bank/?id=10521465
2098;https://www.banki.ru/banks/memory/bank/?id=6092251
2108;https://www.banki.ru/banks/memory/bank/?id=7908590
2123;https://www.banki.ru/banks/memory/bank/?id=8948716
2126;https://www.banki.ru/banks/memory/bank/?id=1732593
2136;https://www.banki.ru/banks/memory/bank/?id=10774694
2142;https://www.banki.ru/banks/memory/bank/?id=5718972
2145;https://www.banki.ru/banks/memory/bank/?id=10312354
2148;https://www.banki.ru/banks/memory/bank/?id=10688370
2156;https://www.banki.ru/banks/memory/bank/?id=11539552
2157;https://www.banki.ru/banks/memory/bank/?id=9228741
2158;https://www.banki.ru/banks/memory/bank/?id=5431979
2166;https://www.banki.ru/banks/memory/bank/?id=9737614
2167;https://www.banki.ru/banks/memory/bank/?id=8785870
2174;https://www.banki.ru/banks/memory/bank/?id=3074740
2176;https://www.banki.ru/banks/memory/bank/?id=5876138
2179;https://www.banki.ru/banks/memory/bank/?id=7328067
2188;https://www.banki.ru/banks/memory/bank/?id=3785396
2189;https://www.banki.ru/banks/memory/bank/?id=6075027
2192;https://www.banki.ru/banks/memory/bank/?id=6019226
2207;https://www.banki.ru/banks/memory/bank/?id=9889666
2211;https://www.banki.ru/banks/memory/bank/?id=9665367
2220;https://www.banki.ru/banks/memory/bank/?id=1642821
2223;https://www.banki.ru/banks/memory/bank/?id=846864
2227;https://www.banki.ru/banks/memory/bank/?id=7099306
2228;https://www.banki.ru/banks/memory/bank/?id=9124383
2232;https://www.banki.ru/banks/memory/bank/?id=7581648
2235;https://www.banki.ru/banks/memory/bank/?id=2767560
2244;https://www.banki.ru/banks/memory/bank/?id=8600062
2248;https://www.banki.ru/banks/memory/bank/?id=9859427
2249;https://www.banki.ru/banks/memory/bank/?id=11344438
2253;https://www.banki.ru/banks/memory/bank/?id=8056205
2254;https://www.banki.ru/banks/memory/bank/?id=11340838
2258;https://www.banki.ru/banks/memory/bank/?id=8895919
2264;https://www.banki.ru/banks/memory/bank/?id=6982250
2267;https://www.banki.ru/banks/memory/bank/?id=10430059
2269;https://www.banki.ru/banks/memory/bank/?id=8667753
2270;https://www.banki.ru/banks/memory/bank/?id=10393873
2271;https://www.banki.ru/banks/memory/bank/?id=11123344
2273;https://www.banki.ru/banks/memory/bank/?id=6676783
2274;https://www.banki.ru/banks/memory/bank/?id=3300707
2285;https://www.banki.ru/banks/memory/bank/?id=10797724
2295;https://www.banki.ru/banks/memory/bank/?id=3042995
2299;https://www.banki.ru/banks/memory/bank/?id=8908527
2302;https://www.banki.ru/banks/memory/bank/?id=6376914
2313;https://www.banki.ru/banks/memory/bank/?id=10797732
2316;https://www.banki.ru/banks/memory/bank/?id=10562438
2324;https://www.banki.ru/banks/memory/bank/?id=8111633
2328;https://www.banki.ru/banks/memory/bank/?id=6609098
2330;https://www.banki.ru/banks/memory/bank/?id=7847774
2336;https://www.banki.ru/banks/memory/bank/?id=962582
2337;https://www.banki.ru/banks/memory/bank/?id=8318029
2347;https://www.banki.ru/banks/memory/bank/?id=11656599
2360;https://www.banki.ru/banks/memory/bank/?id=3410455
2361;https://www.banki.ru/banks/memory/bank/?id=1405099
2364;https://www.banki.ru/banks/memory/bank/?id=9928300
2365;https://www.banki.ru/banks/memory/bank/?id=1625476
2377;https://www.banki.ru/banks/memory/bank/?id=8420975
2382;https://www.banki.ru/banks/memory/bank/?id=8188954
2384;https://www.banki.ru/banks/memory/bank/?id=2595734
2388;https://www.banki.ru/banks/memory/bank/?id=10228131
2397;https://www.banki.ru/banks/memory/bank/?id=2068922
2398;https://www.banki.ru/banks/memory/bank/?id=10201841
2401;https://www.banki.ru/banks/memory/bank/?id=7219666
2403;https://www.banki.ru/banks/memory/bank/?id=9558699
2404;https://www.banki.ru/banks/memory/bank/?id=11162203
2409;https://www.banki.ru/banks/memory/bank/?id=1596788
2410;https://www.banki.ru/banks/memory/bank/?id=11148886
2412;https://www.banki.ru/banks/memory/bank/?id=8229897
2422;https://www.banki.ru/banks/memory/bank/?id=1711959
2423;https://www.banki.ru/banks/memory/bank/?id=6736413
2425;https://www.banki.ru/banks/memory/bank/?id=6092287
2428;https://www.banki.ru/banks/memory/bank/?id=5929468
2433;https://www.banki.ru/banks/memory/bank/?id=11340834
2435;https://www.banki.ru/banks/memory/bank/?id=10361424
2436;https://www.banki.ru/banks/memory/bank/?id=6376801
2447;https://www.banki.ru/banks/memory/bank/?id=3379459
2455;https://www.banki.ru/banks/memory/bank/?id=2291658
2462;https://www.banki.ru/banks/memory/bank/?id=7043196
2466;https://www.banki.ru/banks/memory/bank/?id=2378296
2468;https://www.banki.ru/banks/memory/bank/?id=10528642
2469;https://www.banki.ru/banks/memory/bank/?id=6564657
2471;https://www.banki.ru/banks/memory/bank/?id=8007356
2472;https://www.banki.ru/banks/memory/bank/?id=9463828
2475;https://www.banki.ru/banks/memory/bank/?id=815069
2478;https://www.banki.ru/banks/memory/bank/?id=866904
2480;https://www.banki.ru/banks/memory/bank/?id=6019232
2484;https://www.banki.ru/banks/memory/bank/?id=11453848
2491;https://www.banki.ru/banks/memory/bank/?id=10312268
2493;https://www.banki.ru/banks/memory/bank/?id=8637931
2503;https://www.banki.ru/banks/memory/bank/?id=5401894
2519;https://www.banki.ru/banks/memory/bank/?id=10283277
2523;https://www.banki.ru/banks/memory/bank/?id=3848630
2524;https://www.banki.ru/banks/memory/bank/?id=11433355
2529;https://www.banki.ru/banks/memory/bank/?id=11594493
2535;https://www.banki.ru/banks/memory/bank/?id=2515558
2537;https://www.banki.ru/banks/memory/bank/?id=9034034
2539;https://www.banki.ru/banks/memory/bank/?id=5092030
2542;https://www.banki.ru/banks/memory/bank/?id=8839503
2543;https://www.banki.ru/banks/memory/bank/?id=9447838
2545;https://www.banki.ru/banks/memory/bank/?id=1959700
2547;https://www.banki.ru/banks/memory/bank/?id=8683520
2548;https://www.banki.ru/banks/memory/bank/?id=8033722
2553;https://www.banki.ru/banks/memory/bank/?id=893960
2554;https://www.banki.ru/banks/memory/bank/?id=9330903
2555;https://www.banki.ru/banks/memory/bank/?id=10361512
2560;https://www.banki.ru/banks/memory/bank/?id=1726524
2562;https://www.banki.ru/banks/memory/bank/?id=9385325
2565;https://www.banki.ru/banks/memory/bank/?id=1521041
2571;https://www.banki.ru/banks/memory/bank/?id=8889663
2581;https://www.banki.ru/banks/memory/bank/?id=6341867
2582;https://www.banki.ru/banks/memory/bank/?id=1571724
2586;https://www.banki.ru/banks/memory/bank/?id=6934326
2589;https://www.banki.ru/banks/memory/bank/?id=5123192
2593;https://www.banki.ru/banks/memory/bank/?id=11517307
2594;https://www.banki.ru/banks/memory/bank/?id=9121533
2598;https://www.banki.ru/banks/memory/bank/?id=6490656
2604;https://www.banki.ru/banks/memory/bank/?id=3723775
2605;https://www.banki.ru/banks/memory/bank/?id=11104903
2606;https://www.banki.ru/banks/memory/bank/?id=3812867
2614;https://www.banki.ru/banks/memory/bank/?id=3227787
2617;https://www.banki.ru/banks/memory/bank/?id=8206055
2620;https://www.banki.ru/banks/memory/bank/?id=9010067
2626;https://www.banki.ru/banks/memory/bank/?id=8176475
2627;https://www.banki.ru/banks/memory/bank/?id=3023880
2632;https://www.banki.ru/banks/memory/bank/?id=9162886
2644;https://www.banki.ru/banks/memory/bank/?id=8446811
2646;https://www.banki.ru/banks/memory/bank/?id=11258551
2647;https://www.banki.ru/banks/memory/bank/?id=10736973
2649;https://www.banki.ru/banks/memory/bank/?id=10185978
2652;https://www.banki.ru/banks/memory/bank/?id=7468645
2653;https://www.banki.ru/banks/memory/bank/?id=1746194
2654;https://www.banki.ru/banks/memory/bank/?id=8683528
2655;https://www.banki.ru/banks/memory/bank/?id=10699991
2657;https://www.banki.ru/banks/memory/bank/?id=8111640
2668;https://www.banki.ru/banks/memory/bank/?id=8373009
2670;https://www.banki.ru/banks/memory/bank/?id=10627234
2672;https://www.banki.ru/banks/memory/bank/?id=10833652
2676;https://www.banki.ru/banks/memory/bank/?id=2515707
2677;https://www.banki.ru/banks/memory/bank/?id=9766173
2685;https://www.banki.ru/banks/memory/bank/?id=846885
2688;https://www.banki.ru/banks/memory/bank/?id=9209403
2696;https://www.banki.ru/banks/memory/bank/?id=10729636
2697;https://www.banki.ru/banks/memory/bank/?id=10619882
2699;https://www.banki.ru/banks/memory/bank/?id=6208674
2704;https://www.banki.ru/banks/memory/bank/?id=9425094
2705;https://www.banki.ru/banks/memory/bank/?id=9576541
2706;https://www.banki.ru/banks/memory/bank/?id=7581702
2711;https://www.banki.ru/banks/memory/bank/?id=8394679
2712;https://www.banki.ru/banks/memory/bank/?id=8307484
2728;https://www.banki.ru/banks/memory/bank/?id=9124367
2729;https://www.banki.ru/banks/memory/bank/?id=9280093
2731;https://www.banki.ru/banks/memory/bank/?id=10713080
2734;https://www.banki.ru/banks/memory/bank/?id=8033704
2741;https://www.banki.ru/banks/memory/bank/?id=7988397
2742;https://www.banki.ru/banks/memory/bank/?id=3723811
2743;https://www.banki.ru/banks/memory/bank/?id=5333172
2746;https://www.banki.ru/banks/memory/bank/?id=3267772
2747;https://www.banki.ru/banks/memory/bank/?id=2541892
2749;https://www.banki.ru/banks/memory/bank/?id=11532457
2750;https://www.banki.ru/banks/memory/bank/?id=1404837
2756;https://www.banki.ru/banks/memory/bank/?id=11561960
2758;https://www.banki.ru/banks/memory/bank/?id=10958540
2764;https://www.banki.ru/banks/memory/bank/?id=11394534
2767;https://www.banki.ru/banks/memory/bank/?id=8747806
2768;https://www.banki.ru/banks/memory/bank/?id=9949422
2769;https://www.banki.ru/banks/memory/bank/?id=10874505
2771;https://www.banki.ru/banks/memory/bank/?id=9506345
2779;https://www.banki.ru/banks/memory/bank/?id=7009280
2780;https://www.banki.ru/banks/memory/bank/?id=4334977
2782;https://www.banki.ru/banks/memory/bank/?id=8433239
2786;https://www.banki.ru/banks/memory/bank/?id=7328638
2787;https://www.banki.ru/banks/memory/bank/?id=3411318
2788;https://www.banki.ru/banks/memory/bank/?id=1560981
2793;https://www.banki.ru/banks/memory/bank/?id=3074835
2794;https://www.banki.ru/banks/memory/bank/?id=7908599
2795;https://www.banki.ru/banks/memory/bank/?id=6511847
2797;https://www.banki.ru/banks/memory/bank/?id=3013070
2798;https://www.banki.ru/banks/memory/bank/?id=9604681
2801;https://www.banki.ru/banks/memory/bank/?id=9088422
2803;https://www.banki.ru/banks/memory/bank/?id=9737606
2809;https://www.banki.ru/banks/memory/bank/?id=2813990
2810;https://www.banki.ru/banks/memory/bank/?id=6341616
2813;https://www.banki.ru/banks/memory/bank/?id=9170468
2820;https://www.banki.ru/banks/memory/bank/?id=3088497
2827;https://www.banki.ru/banks/memory/bank/?id=10813528
2829;https://www.banki.ru/banks/memory/bank/?id=10786233
2837;https://www.banki.ru/banks/memory/bank/?id=10930260
2842;https://www.banki.ru/banks/memory/bank/?id=10408933
2843;https://www.banki.ru/banks/memory/bank/?id=6982163
2844;https://www.banki.ru/banks/memory/bank/?id=1425411
2849;https://www.banki.ru/banks/memory/bank/?id=8841950
2851;https://www.banki.ru/banks/memory/bank/?id=10633395
2856;https://www.banki.ru/banks/memory/bank/?id=8580623
2857;https://www.banki.ru/banks/memory/bank/?id=5941548
2859;https://www.banki.ru/banks/memory/bank/?id=9607838
2862;https://www.banki.ru/banks/memory/bank/?id=5432003
2863;https://www.banki.ru/banks/memory/bank/?id=8808919
2865;https://www.banki.ru/banks/memory/bank/?id=6050851
2866;https://www.banki.ru/banks/memory/bank/?id=8248362
2873;https://www.banki.ru/banks/memory/bank/?id=10112777
2874;https://www.banki.ru/banks/memory/bank/?id=1413483
2888;https://www.banki.ru/banks/memory/bank/?id=10551218
2890;https://www.banki.ru/banks/memory/bank/?id=8446805
2896;https://www.banki.ru/banks/memory/bank/?id=8785876
2897;https://www.banki.ru/banks/memory/bank/?id=11448931
2898;https://www.banki.ru/banks/memory/bank/?id=9315816
2901;https://www.banki.ru/banks/memory/bank/?id=2292766
2902;https://www.banki.ru/banks/memory/bank/?id=8257449
2903;https://www.banki.ru/banks/memory/bank/?id=7219565
2913;https://www.banki.ru/banks/memory/bank/?id=8464313
2917;https://www.banki.ru/banks/memory/bank/?id=2446422
2919;https://www.banki.ru/banks/memory/bank/?id=9135037
2921;https://www.banki.ru/banks/memory/bank/?id=3827984
2922;https://www.banki.ru/banks/memory/bank/?id=7376769
2923;https://www.banki.ru/banks/memory/bank/?id=8372992
2926;https://www.banki.ru/banks/memory/bank/?id=1711663
2928;https://www.banki.ru/banks/memory/bank/?id=8735565
2931;https://www.banki.ru/banks/memory/bank/?id=1309680
2937;https://www.banki.ru/banks/memory/bank/?id=9088412
2938;https://www.banki.ru/banks/memory/bank/?id=9697684
2939;https://www.banki.ru/banks/memory/bank/?id=6159016
2942;https://www.banki.ru/banks/memory/bank/?id=9463816
2944;https://www.banki.ru/banks/memory/bank/?id=9376475
2946;https://www.banki.ru/banks/memory/bank/?id=1264417
2948;https://www.banki.ru/banks/memory/bank/?id=8853527
2949;https://www.banki.ru/banks/memory/bank/?id=11088430
2956;https://www.banki.ru/banks/memory/bank/?id=9887069
2957;https://www.banki.ru/banks/memory/bank/?id=8493348
2960;https://www.banki.ru/banks/memory/bank/?id=11362035
2961;https://www.banki.ru/banks/memory/bank/?id=10666319
2965;https://www.banki.ru/banks/memory/bank/?id=7181226
2966;https://www.banki.ru/banks/memory/bank/?id=4012866
2967;https://www.banki.ru/banks/memory/bank/?id=1104111
2968;https://www.banki.ru/banks/memory/bank/?id=6208696
2972;https://www.banki.ru/banks/memory/bank/?id=6676827
2980;https://www.banki.ru/banks/memory/bank/?id=1489156
2983;https://www.banki.ru/banks/memory/bank/?id=9244629
2984;https://www.banki.ru/banks/memory/bank/?id=2541882
2989;https://www.banki.ru/banks/memory/bank/?id=11561549
2992;https://www.banki.ru/banks/memory/bank/?id=8418387
2999;https://www.banki.ru/banks/memory/bank/?id=7739813
3000;https://www.banki.ru/banks/memory/bank/?id=10021988
3002;https://www.banki.ru/banks/memory/bank/?id=8850837
3006;https://www.banki.ru/banks/memory/bank/?id=10361408
3010;https://www.banki.ru/banks/memory/bank/?id=11024489
3011;https://www.banki.ru/banks/memory/bank/?id=10291040
3015;https://www.banki.ru/banks/memory/bank/?id=10576677
3016;https://www.banki.ru/banks/memory/bank/?id=11545792
3026;https://www.banki.ru/banks/memory/bank/?id=8464289
3028;https://www.banki.ru/banks/memory/bank/?id=10904572
3030;https://www.banki.ru/banks/memory/bank/?id=3812833
3033;https://www.banki.ru/banks/memory/bank/?id=3371600
3036;https://www.banki.ru/banks/memory/bank/?id=8185514
3037;https://www.banki.ru/banks/memory/bank/?id=11344505
3038;https://www.banki.ru/banks/memory/bank/?id=9722241
3039;https://www.banki.ru/banks/memory/bank/?id=1481115
3042;https://www.banki.ru/banks/memory/bank/?id=3056672
3044;https://www.banki.ru/banks/memory/bank/?id=814903
3047;https://www.banki.ru/banks/memory/bank/?id=9034045
3048;https://www.banki.ru/banks/memory/bank/?id=9315795
3049;https://www.banki.ru/banks/memory/bank/?id=8206074
3050;https://www.banki.ru/banks/memory/bank/?id=7988393
3052;https://www.banki.ru/banks/memory/bank/?id=9656020
3053;https://www.banki.ru/banks/memory/bank/?id=10666328
3054;https://www.banki.ru/banks/memory/bank/?id=8291531
3055;https://www.banki.ru/banks/memory/bank/?id=893980
3058;https://www.banki.ru/banks/memory/bank/?id=9576563
3062;https://www.banki.ru/banks/memory/bank/?id=7117248
3063;https://www.banki.ru/banks/memory/bank/?id=1321329
3064;https://www.banki.ru/banks/memory/bank/?id=5479688
3065;https://www.banki.ru/banks/memory/bank/?id=9244635
3068;https://www.banki.ru/banks/memory/bank/?id=9104829
3069;https://www.banki.ru/banks/memory/bank/?id=948491
3070;https://www.banki.ru/banks/memory/bank/?id=4017567
3071;https://www.banki.ru/banks/memory/bank/?id=8493336
3084;https://www.banki.ru/banks/memory/bank/?id=4463478
3085;https://www.banki.ru/banks/memory/bank/?id=11321048
3087;https://www.banki.ru/banks/memory/bank/?id=3553848
3089;https://www.banki.ru/banks/memory/bank/?id=9439945
3090;https://www.banki.ru/banks/memory/bank/?id=3271744
3098;https://www.banki.ru/banks/memory/bank/?id=10534639
3104;https://www.banki.ru/banks/memory/bank/?id=10347184
3105;https://www.banki.ru/banks/memory/bank/?id=6934381
3106;https://www.banki.ru/banks/memory/bank/?id=4230531
3115;https://www.banki.ru/banks/memory/bank/?id=8318035
3117;https://www.banki.ru/banks/memory/bank/?id=9854732
3119;https://www.banki.ru/banks/memory/bank/?id=2541866
3120;https://www.banki.ru/banks/memory/bank/?id=8176464
3122;https://www.banki.ru/banks/memory/bank/?id=11344519
3123;https://www.banki.ru/banks/memory/bank/?id=9985021
3128;https://www.banki.ru/banks/memory/bank/?id=8346908
3135;https://www.banki.ru/banks/memory/bank/?id=7181194
3137;https://www.banki.ru/banks/memory/bank/?id=10746632
3139;https://www.banki.ru/banks/memory/bank/?id=10430066
3144;https://www.banki.ru/banks/memory/bank/?id=7099390
3154;https://www.banki.ru/banks/memory/bank/?id=8076088
3156;https://www.banki.ru/banks/memory/bank/?id=1321361
3163;https://www.banki.ru/banks/memory/bank/?id=10040289
3167;https://www.banki.ru/banks/memory/bank/?id=1378614
3171;https://www.banki.ru/banks/memory/bank/?id=9576507
3174;https://www.banki.ru/banks/memory/bank/?id=8007344
3177;https://www.banki.ru/banks/memory/bank/?id=10361417
3180;https://www.banki.ru/banks/memory/bank/?id=9604686
3181;https://www.banki.ru/banks/memory/bank/?id=9848485
3183;https://www.banki.ru/banks/memory/bank/?id=9209436
3186;https://www.banki.ru/banks/memory/bank/?id=10331340
3187;https://www.banki.ru/banks/memory/bank/?id=7948888
3190;https://www.banki.ru/banks/memory/bank/?id=6649794
3192;https://www.banki.ru/banks/memory/bank/?id=5156541
3195;https://www.banki.ru/banks/memory/bank/?id=8803105
3197;https://www.banki.ru/banks/memory/bank/?id=5292824
3200;https://www.banki.ru/banks/memory/bank/?id=10145790
3201;https://www.banki.ru/banks/memory/bank/?id=2159646
3203;https://www.banki.ru/banks/memory/bank/?id=8600075
3204;https://www.banki.ru/banks/memory/bank/?id=9218734
3205;https://www.banki.ru/banks/memory/bank/?id=8530192
3206;https://www.banki.ru/banks/memory/bank/?id=8839511
3207;https://www.banki.ru/banks/memory/bank/?id=11632632
3209;https://www.banki.ru/banks/memory/bank/?id=11449053
3214;https://www.banki.ru/banks/memory/bank/?id=10991306
3227;https://www.banki.ru/banks/memory/bank/?id=962603
3229;https://www.banki.ru/banks/memory/bank/?id=8418294
3233;https://www.banki.ru/banks/memory/bank/?id=10408923
3234;https://www.banki.ru/banks/memory/bank/?id=8284997
3236;https://www.banki.ru/banks/memory/bank/?id=10722605
3237;https://www.banki.ru/banks/memory/bank/?id=5699618
3238;https://www.banki.ru/banks/memory/bank/?id=5432018
3250;https://www.banki.ru/banks/memory/bank/?id=9376485
3256;https://www.banki.ru/banks/memory/bank/?id=8718818
3261;https://www.banki.ru/banks/memory/bank/?id=8600054
3262;https://www.banki.ru/banks/memory/bank/?id=9070515
3265;https://www.banki.ru/banks/memory/bank/?id=11527478
3266;https://www.banki.ru/banks/memory/bank/?id=11545573
3267;https://www.banki.ru/banks/memory/bank/?id=8088409
3270;https://www.banki.ru/banks/memory/bank/?id=9425078
3273;https://www.banki.ru/banks/memory/bank/?id=8946337
3275;https://www.banki.ru/banks/memory/bank/?id=9737998
3276;https://www.banki.ru/banks/memory/bank/?id=1461763
3277;https://www.banki.ru/banks/memory/bank/?id=4108578
3278;https://www.banki.ru/banks/memory/bank/?id=8718839
3280;https://www.banki.ru/banks/memory/bank/?id=1425397
3282;https://www.banki.ru/banks/memory/bank/?id=2354455
3283;https://www.banki.ru/banks/memory/bank/?id=10468669
3284;https://www.banki.ru/banks/memory/bank/?id=2131369
3286;https://www.banki.ru/banks/memory/bank/?id=7847805
3288;https://www.banki.ru/banks/memory/bank/?id=9310311
3291;https://www.banki.ru/banks/memory/bank/?id=9038724
3295;https://www.banki.ru/banks/memory/bank/?id=10275239
3304;https://www.banki.ru/banks/memory/bank/?id=10390428
3307;https://www.banki.ru/banks/memory/bank/?id=11088442
3308;https://www.banki.ru/banks/memory/bank/?id=7087396
3309;https://www.banki.ru/banks/memory/bank/?id=10991295
3312;https://www.banki.ru/banks/memory/bank/?id=11348366
3313;https://www.banki.ru/banks/memory/bank/?id=3448231
3315;https://www.banki.ru/banks/memory/bank/?id=5635939
3316;https://www.banki.ru/banks/memory/bank/?id=7538440
3317;https://www.banki.ru/banks/memory/bank/?id=7117878
3319;https://www.banki.ru/banks/memory/bank/?id=8206083
3322;https://www.banki.ru/banks/memory/bank/?id=7267940
3323;https://www.banki.ru/banks/memory/bank/?id=6341575
3325;https://www.banki.ru/banks/memory/bank/?id=4230446
3326;https://www.banki.ru/banks/memory/bank/?id=6888533
3329;https://www.banki.ru/banks/memory/bank/?id=10746616
3332;https://www.banki.ru/banks/memory/bank/?id=11517302
3334;https://www.banki.ru/banks/memory/bank/?id=3513400
3335;https://www.banki.ru/banks/memory/bank/?id=7042108
3338;https://www.banki.ru/banks/memory/bank/?id=10956632
3339;https://www.banki.ru/banks/memory/bank/?id=10774698
3342;https://www.banki.ru/banks/memory/bank/?id=11245612
3343;https://www.banki.ru/banks/memory/bank/?id=10109614
3344;https://www.banki.ru/banks/memory/bank/?id=11368098
3345;https://www.banki.ru/banks/memory/bank/?id=3880503
3346;https://www.banki.ru/banks/memory/bank/?id=4252220
3350;https://www.banki.ru/banks/memory/bank/?id=8718846
3351;https://www.banki.ru/banks/memory/bank/?id=11577343
3353;https://www.banki.ru/banks/memory/bank/?id=10857358
3356;https://www.banki.ru/banks/memory/bank/?id=2605461
3357;https://www.banki.ru/banks/memory/bank/?id=10117214
3359;https://www.banki.ru/banks/memory/bank/?id=5606969
3360;https://www.banki.ru/banks/memory/bank/?id=11143009
3364;https://www.banki.ru/banks/memory/bank/?id=8512940
3367;https://www.banki.ru/banks/memory/bank/?id=8433252
3370;https://www.banki.ru/banks/memory/bank/?id=6511838
3371;https://www.banki.ru/banks/memory/bank/?id=9722632
3372;https://www.banki.ru/banks/memory/bank/?id=2515566
3373;https://www.banki.ru/banks/memory/bank/?id=8663421
3375;https://www.banki.ru/banks/memory/bank/?id=3595973
3378;https://www.banki.ru/banks/memory/bank/?id=8882380
3380;https://www.banki.ru/banks/memory/bank/?id=10342704
3381;https://www.banki.ru/banks/memory/bank/?id=7426902
3383;https://www.banki.ru/banks/memory/bank/?id=8055603
3384;https://www.banki.ru/banks/memory/bank/?id=8512883
3385;https://www.banki.ru/banks/memory/bank/?id=6885481
3386;https://www.banki.ru/banks/memory/bank/?id=6092345
3391;https://www.banki.ru/banks/memory/bank/?id=2568565
3393;https://www.banki.ru/banks/memory/bank/?id=10713151
3397;https://www.banki.ru/banks/memory/bank/?id=11517297
3398;https://www.banki.ru/banks/memory/bank/?id=9315822
3399;https://www.banki.ru/banks/memory/bank/?id=6159203
3400;https://www.banki.ru/banks/memory/bank/?id=7267791
3401;https://www.banki.ru/banks/memory/bank/?id=10891824
3402;https://www.banki.ru/banks/memory/bank/?id=3744445
3404;https://www.banki.ru/banks/memory/bank/?id=7087425
3405;https://www.banki.ru/banks/memory/bank/?id=2915922
3408;https://www.banki.ru/banks/memory/bank/?id=8808902
3411;https://www.banki.ru/banks/memory/bank/?id=3179889
3418;https://www.banki.ru/banks/memory/bank/?id=5292858
3419;https://www.banki.ru/banks/memory/bank/?id=9447832
3420;https://www.banki.ru/banks/memory/bank/?id=10991299
3422;https://www.banki.ru/banks/memory/bank/?id=8785825
3423;https://www.banki.ru/banks/memory/bank/?id=8663412
3424;https://www.banki.ru/banks/memory/bank/?id=4403391
3427;https://www.banki.ru/banks/memory/bank/?id=11632628
3430;https://www.banki.ru/banks/memory/bank/?id=9813780
3431;https://www.banki.ru/banks/memory/bank/?id=10922096
3432;https://www.banki.ru/banks/memory/bank/?id=1333009
3433;https://www.banki.ru/banks/memory/bank/?id=10240410
3434;https://www.banki.ru/banks/memory/bank/?id=9944279
3435;https://www.banki.ru/banks/memory/bank/?id=6865539
3439;https://www.banki.ru/banks/memory/bank/?id=8908534
3440;https://www.banki.ru/banks/memory/bank/?id=8088417
3441;https://www.banki.ru/banks/memory/bank/?id=8946331
3443;https://www.banki.ru/banks/memory/bank/?id=9928329
3444;https://www.banki.ru/banks/memory/bank/?id=1666934
3447;https://www.banki.ru/banks/memory/bank/?id=10609290
3449;https://www.banki.ru/banks/memory/bank/?id=7312222
3451;https://www.banki.ru/banks/memory/bank/?id=4208182
3455;https://www.banki.ru/banks/memory/bank/?id=4064450
3456;https://www.banki.ru/banks/memory/bank/?id=11279228
3457;https://www.banki.ru/banks/memory/bank/?id=9439932
3458;https://www.banki.ru/banks/memory/bank/?id=3056718
3459;https://www.banki.ru/banks/memory/bank/?id=8160566
3461;https://www.banki.ru/banks/memory/bank/?id=9043124
3471;https://www.banki.ru/banks/memory/bank/?id=7043351
3472;https://www.banki.ru/banks/memory/bank/?id=8990077
3474;https://www.banki.ru/banks/memory/bank/?id=5333232
3476;https://www.banki.ru/banks/memory/bank/?id=9107474
3477;https://www.banki.ru/banks/memory/bank/?id=6539175
3480;https://www.banki.ru/banks/memory/bank/?id=11000380
3481;https://www.banki.ru/banks/memory/bank/?id=11501350
3483;https://www.banki.ru/banks/memory/bank/?id=11567667
3484;https://www.banki.ru/banks/memory/bank/?id=9711556
3485;https://www.banki.ru/banks/memory/bank/?id=6376958
3486;https://www.banki.ru/banks/memory/bank/?id=11658874
3488;https://www.banki.ru/banks/memory/bank/?id=2706579
3489;https://www.banki.ru/banks/memory/bank/?id=6159105
3491;https://www.banki.ru/banks/memory/bank/?id=7932460
3492;https://www.banki.ru/banks/memory/bank/?id=10596550
3493;https://www.banki.ru/banks/memory/bank/?id=8574809
3495;https://www.banki.ru/banks/memory/bank/?id=11522389
3496;https://www.banki.ru/banks/memory/bank/?id=7268082
3497;https://www.banki.ru/banks/memory/bank/?id=8433271
3498;https://www.banki.ru/banks/memory/bank/?id=3494861
3499;https://www.banki.ru/banks/memory/bank/?id=11453854
3502;https://www.banki.ru/banks/memory/bank/?id=9813799
3503;https://www.banki.ru/banks/memory/bank/?id=8418310
3504;https://www.banki.ru/banks/memory/bank/?id=9255046
3506;https://www.banki.ru/banks/memory/bank/?id=9496192
3509;https://www.banki.ru/banks/memory/bank/?id=11539592
3513;https://www.banki.ru/banks/memory/bank/?id=7800727
3521;https://www.banki.ru/banks/memory/bank/?id=7244400
3530;https://www.banki.ru/banks/memory/bank/?id=11465497
3487;https://www.banki.ru/banks/memory/bank/?id=7009334